date,title,category
"Feb 26, 2026","Reserve Bank of India (Non-Banking Financial Companies - Miscellaneous) Amendment Directions, 2026",Banking Regulations
"Feb 18, 2026","Reporting under Foreign Exchange Management Act, 1999 - Returns pertaining to External Commercial Borrowing (ECB)",Foreign Exchange
"Feb 18, 2026",Unique Transaction Identifier for OTC Derivative Transactions,Markets
"Feb 16, 2026","Foreign Exchange Management (Borrowing and Lending) (First Amendment) Regulations, 2026",Foreign Exchange
"Feb 16, 2026",Formation of new district in the State of Haryana - Assignment of Lead Bank Responsibility,Banking Regulations
"Feb 13, 2026","Reserve Bank of India (Non-Banking Financial Companies - Income Recognition, Asset Classification and Provisioning) Amendment Directions, 2026",Banking Regulations
"Feb 13, 2026","Reserve Bank of India (Non-Banking Financial Companies - Credit Facilities) Amendment Directions, 2026",Banking Regulations
"Feb 13, 2026","Reserve Bank of India (Rural Co-operative Banks - Income Recognition, Asset Classification and Provisioning) Amendment Directions, 2026",Banking Regulations
"Feb 11, 2026",Strengthening of Grievance Redress Mechanism in Banks - Review,Banking Regulations
"Feb 09, 2026","Lending to Micro, Small & Medium Enterprises (MSME) Sector (Amendment) Directions, 2026",Banking Regulations
"Feb 06, 2026",Voluntary Retention Route - Imparting predictability and increasing ease of doing business,Markets
"Feb 03, 2026","All Agency Banks to remain open for public on March 31, 2026 (Tuesday)",Other
"Jan 19, 2026","Reserve Bank of India (Priority Sector Lending - Targets and Classification) (Amendment) Directions, 2026",Banking Regulations
"Jan 19, 2026",Interest Subvention for Pre- and Post- Shipment Export Credit under Export Promotion Mission (EPM) - Niryat Prothsahan,Interest Rates
"Jan 16, 2026",Export and Import of Goods and Services,Foreign Exchange
"Jan 16, 2026","Foreign Exchange Management (Export and Import of Goods and Services) Regulations, 2026",Foreign Exchange
"Jan 14, 2026","Reserve Bank of India (Credit Information Companies - Internal Ombudsman) Directions, 2026",Banking Regulations
"Jan 14, 2026","Reserve Bank of India (Non-Bank Prepaid Payment Instruments Issuers - Internal Ombudsman) Directions, 2026",Banking Regulations
"Jan 14, 2026","Reserve Bank of India (Non-Banking Financial Companies - Internal Ombudsman) Directions, 2026",Banking Regulations
"Jan 14, 2026","Reserve Bank of India (Payments Banks - Internal Ombudsman) Directions, 2026",Banking Regulations
"Jan 14, 2026","Reserve Bank of India (Small Finance Banks - Internal Ombudsman) Directions, 2026",Banking Regulations
"Jan 14, 2026","Reserve Bank of India (Commercial Banks - Internal Ombudsman) Directions, 2026",Banking Regulations
"Jan 13, 2026",Modified Interest Subvention Scheme for Short Term Loans for Agriculture and Allied Activities availed through Kisan Credit Card (KCC) during the financial year 2025-26,Interest Rates
"Jan 12, 2026","Foreign Exchange Management (Guarantees) Regulations, 2026",Foreign Exchange
"Jan 09, 2026","Reserve Bank of India (All India Financial Institutions (AIFIs) - Prudential Norms on Capital Adequacy) Amendment Directions, 2026",Banking Regulations
"Jan 09, 2026","Reserve Bank of India (Small Finance Banks - Prudential Norms on Capital Adequacy) Amendment Directions, 2026",Banking Regulations
"Jan 09, 2026","Reserve Bank of India (Commercial Banks - Prudential Norms on Capital Adequacy) Amendment Directions, 2026",Banking Regulations
"Jan 05, 2026","Reserve Bank of India (All India Financial Institutions - Financial Statements: Presentation and Disclosures) - Amendment Directions, 2026",Banking Regulations
"Jan 05, 2026","Reserve Bank of India (Rural Co-operative Banks - Financial Statements: Presentation and Disclosures) - Amendment Directions, 2026",Banking Regulations
"Jan 05, 2026","Reserve Bank of India (Urban Co-operative Banks - Financial Statements: Presentation and Disclosures) - Amendment Directions, 2026",Banking Regulations
"Jan 05, 2026","Reserve Bank of India (Regional Rural Banks - Financial Statements: Presentation and Disclosures) - Amendment Directions, 2026",Banking Regulations
"Jan 05, 2026","Reserve Bank of India (Local Area Banks - Financial Statements: Presentation and Disclosures) - Amendment Directions, 2026",Banking Regulations
"Jan 05, 2026","Reserve Bank of India (Small Finance Banks - Financial Statements: Presentation and Disclosures) - Amendment Directions, 2026",Banking Regulations
"Jan 05, 2026","Reserve Bank of India (Commercial Banks - Financial Statements: Presentation and Disclosures) - Second Amendment Directions, 2026",Banking Regulations
"Jan 05, 2026","Reserve Bank of India (All India Financial Institutions - Credit Risk Management) - Amendment Directions, 2026",Banking Regulations
"Jan 05, 2026","Reserve Bank of India (Non-Banking Financial Companies - Credit Risk Management) - Amendment Directions, 2026",Banking Regulations
"Jan 05, 2026","Reserve Bank of India (Rural Co-operative Banks - Credit Risk Management) - Amendment Directions, 2026",Banking Regulations
"Mar 10, 2026","Revision of Interest Rates for Senior Citizen Savings Scheme (SCSS), 2026",Savings Schemes
"Mar 15, 2026",Guidelines for Public Provident Fund (PPF) Account Extension,Savings Schemes
"Mar 20, 2026",Launch of New National Savings Certificate (NSC) Series,Savings Schemes
"Mar 25, 2026",Updates on Sukanya Samriddhi Yojana (SSY) Deposit Limits,Savings Schemes
"Apr 02, 2026",Master Circular on Life Insurance Corporation of India (LIC) Investment Regulations,Insurance
"Apr 05, 2026",Health Insurance Portability - New Guidelines for Policyholders,Insurance
"Apr 10, 2026",Cyber Insurance Framework for Commercial Banks,Insurance
"Apr 15, 2026",Amendment in Motor Insurance Third Party Premium Rates,Insurance
"May 01, 2026",Guidelines on Tax Deduction at Source (TDS) for Virtual Digital Assets,Taxes
"May 05, 2026",Reporting of High-Value Transactions to the Income Tax Department,Taxes
"May 10, 2026",Clarification on Goods and Services Tax (GST) applicability on Banking Services,Taxes
"May 15, 2026",Revision of Income Tax exemption limits for Bank Fixed Deposits,Taxes
"Jun 01, 2026",Guidelines on Physical Security in Bank Branches and ATMs,Other
"Jun 05, 2026",Implementation of New Core Banking System Architecture - Status Update,Other
"Jun 10, 2026",RBI announces dates for upcoming Monetary Policy Committee (MPC) Meetings,Other
"Jul 05, 2026",Revision of Base Rate and Marginal Cost of Funds based Lending Rate (MCLR),Interest Rates
"Jul 12, 2026",Interest Rates on Rupee Export Credit - RBI Guidelines,Interest Rates
"Aug 01, 2026",Liberalised Remittance Scheme (LRS) - Increase in limits for overseas education,Foreign Exchange
"Aug 15, 2026",Hedging of Commodity Price Risk and Freight Risk in Overseas Markets,Foreign Exchange
"Sep 05, 2026",Issuance of Sovereign Gold Bonds (SGB) - Series VI,Markets
"Sep 12, 2026",Commercial Paper (CP) and Non-Convertible Debentures (NCD) of original or initial maturity up to one year - Master Direction,Markets
"Oct 10, 2026","Master Direction - Know Your Customer (KYC) Direction, 2026",Banking Regulations
"Oct 20, 2026",Framework for Compromise Settlements and Technical Write-offs,Banking Regulations
"Nov 01, 2026",Review of Benchmark Prime Lending Rate (BPLR) and Base Rate,Interest Rates
"Nov 15, 2026",Interest Rates on Non-Resident (External) Rupee (NRE) Deposits and FCNR(B) Deposits,Interest Rates
"Dec 05, 2026",Guidelines on Interest Rate Risk in Banking Book (IRRBB),Interest Rates
"Dec 20, 2026",Revision of Repo and Reverse Repo Rates under Liquidity Adjustment Facility (LAF),Interest Rates
"Nov 05, 2026","Foreign Exchange Management (Realisation, Repatriation and Surrender of Foreign Exchange) Regulations, 2026",Foreign Exchange
"Nov 22, 2026",Guidelines for Opening of Special Rupee Vostro Accounts (SRVA),Foreign Exchange
"Dec 10, 2026",Master Direction on Trade Credit for Imports into India,Foreign Exchange
"Dec 25, 2026","Foreign Exchange Management (Deposit) Regulations, 2026 - Amendments",Foreign Exchange
"Jan 10, 2027",Remittances to International Financial Services Centres (IFSCs) under LRS,Foreign Exchange
"Oct 25, 2026","Rupee Interest Rate Derivatives (Reserve Bank) Directions, 2026",Markets
"Nov 12, 2026",Comprehensive Guidelines on Credit Default Swaps (CDS),Markets
"Nov 30, 2026","Master Direction - Call, Notice and Term Money Markets",Markets
"Dec 15, 2026",Guidelines on Stripping/Reconstitution of Government Securities,Markets
"Jan 05, 2027",Introduction of Electronic Trading Platforms (ETP) for Financial Markets,Markets
"Oct 28, 2026","Master Direction - Reserve Bank of India (Filing of Supervisory Returns) Directions, 2026",Banking Regulations
"Nov 08, 2026",Guidelines on Digital Lending - Transparency and Customer Protection,Banking Regulations
"Nov 18, 2026",Framework for Resolution of Stressed Assets - Revised Guidelines,Banking Regulations
"Dec 02, 2026","Master Circular - Income Recognition, Asset Classification and Provisioning pertaining to Advances",Banking Regulations
"Dec 22, 2026",Regulatory Framework for Microfinance Loans,Banking Regulations
"Jan 12, 2027",Guidelines on Outsourcing of Financial Services by Banks,Banking Regulations
"Sep 20, 2026",Post Office Savings Account (POSA) - Revision of minimum balance requirement,Savings Schemes
"Oct 15, 2026","Kisan Vikas Patra (KVP) Rules, 2026 - Notification of new interest rates",Savings Schemes
"Nov 10, 2026",Mahila Samman Savings Certificate - Implementation Guidelines for Banks,Savings Schemes
"Dec 08, 2026",National Savings (Monthly Income Account) Scheme - Increase in deposit limits,Savings Schemes
"Jan 15, 2027",Clarification on premature closure of Senior Citizen Savings Scheme (SCSS) accounts,Savings Schemes
"Sep 25, 2026",Master Direction - Insurance Business by Banks (Bancassurance),Insurance
"Oct 22, 2026",Guidelines on Trade Credit Insurance for Exporters,Insurance
"Nov 25, 2026",Norms for Co-lending arrangements with Insurance Companies,Insurance
"Dec 18, 2026",Framework for Title Insurance in Mortgage Lending,Insurance
"Jan 20, 2027",Deposit Insurance and Credit Guarantee Corporation (DICGC) - Revision of premium rates,Insurance
"Sep 28, 2026",Guidelines on handling of Income Tax Refund Vouchers,Taxes
"Oct 30, 2026",Filing of Annual Information Return (AIR) - Modalities for Banks,Taxes
"Nov 28, 2026",Collection of Direct Taxes - Agency Commission claims process,Taxes
"Dec 28, 2026",Tax Collection at Source (TCS) on foreign remittance through LRS - Operational Guidelines,Taxes
"Jan 25, 2027",Reporting requirements under Foreign Account Tax Compliance Act (FATCA),Taxes
"Sep 15, 2026",Master Circular - Frauds – Classification and Reporting by commercial banks and select FIs,Other
"Oct 12, 2026","Guidelines on Information Security, Electronic Banking, Technology Risk Management and Cyber Frauds",Other
"Nov 14, 2026",Financial Inclusion Strategy - Expansion of Banking Outlets in Unbanked Rural Centres,Other
"Dec 12, 2026",Customer Protection – Limiting Liability of Customers in Unauthorised Electronic Banking Transactions,Other
"Jan 02, 2027","Master Direction - Reserve Bank of India (Cash Management System) Directions, 2027",Other
"Feb 01, 2027",Revision of Interest Rates for Rupee Pre-shipment Credit,Interest Rates
"Feb 10, 2027",Benchmark Interest Rates for Foreign Currency Loans,Interest Rates
"Feb 15, 2027",Interest Equalisation Scheme on Pre and Post Shipment Rupee Export Credit,Interest Rates
"Mar 01, 2027",Guidelines on Minimum Interest Rate on Savings Bank Accounts,Interest Rates
"Mar 10, 2027",Interest Subvention Scheme for Women SHGs,Interest Rates
"Mar 15, 2027",Review of Interest Rates on NRE Term Deposits,Interest Rates
"Apr 05, 2027",Interest Rates on FCNR(B) Deposits - Revision,Interest Rates
"Apr 12, 2027",Penal Interest on Delayed Crediting of Refunds,Interest Rates
"Apr 20, 2027",Floating Rate Bonds - Interest Rate Announcement,Interest Rates
"May 01, 2027",Interest Rate on RBI Relief Bonds,Interest Rates
"May 10, 2027",Deregulation of Interest Rates on Rupee Export Credit,Interest Rates
"May 15, 2027",Interest on Defaulter Accounts - Clarification,Interest Rates
"Jun 02, 2027",Guidelines on Base Rate Methodology,Interest Rates
"Jun 10, 2027",Review of MCLR Framework,Interest Rates
"Jun 18, 2027",Interest on Overdue Export Bills,Interest Rates
"Jul 05, 2027",Interest Rates for Microfinance Institutions,Interest Rates
"Jul 15, 2027",Revision in Interest Rates on Gold Metal Loans,Interest Rates
"Aug 02, 2027",Subvention on Crop Loans - Interest Rate Adjustments,Interest Rates
"Aug 10, 2027",Fixed Interest Rates for Long Term Infrastructure Loans,Interest Rates
"Sep 01, 2027",Guidelines on Interest Computation on Daily Product Basis,Interest Rates
"Feb 02, 2027",FEMA (Transfer or Issue of Security by a Person Resident Outside India) Regulations,Foreign Exchange
"Feb 11, 2027",Liberalisation of ECB Framework for Infrastructure Companies,Foreign Exchange
"Feb 16, 2027",Guidelines on Overseas Direct Investment (ODI),Foreign Exchange
"Mar 02, 2027",Trade Credit Policy - Revision in All-in-cost ceilings,Foreign Exchange
"Mar 11, 2027",Foreign Exchange Management (Establishment in India of a branch office) Regulations,Foreign Exchange
"Mar 16, 2027",Rupee Drawing Arrangement (RDA) - Revised Guidelines,Foreign Exchange
"Apr 06, 2027",Money Transfer Service Scheme (MTSS) - Increase in limits,Foreign Exchange
"Apr 13, 2027",Hedging of Foreign Exchange Risk - Facilities for Residents,Foreign Exchange
"Apr 21, 2027",Foreign Portfolio Investors (FPI) - Investment in Corporate Debt,Foreign Exchange
"May 02, 2027",External Commercial Borrowings (ECB) in Indian Rupees,Foreign Exchange
"May 11, 2027",Forex Facilities for Indian Students Studying Abroad,Foreign Exchange
"May 16, 2027",Guidelines on Nostro and Vostro Accounts,Foreign Exchange
"Jun 03, 2027",Forward Contracts for Foreign Exchange - Relaxation of norms,Foreign Exchange
"Jun 11, 2027",Remittance of Assets by Foreign Nationals,Foreign Exchange
"Jun 19, 2027",Reporting under Foreign Exchange Management Act - Electronic Filing,Foreign Exchange
"Jul 06, 2027",Foreign Exchange Management (Acquisition and Transfer of Immovable Property) Regulations,Foreign Exchange
"Jul 16, 2027",Use of International Credit Cards while overseas,Foreign Exchange
"Aug 03, 2027",Guidelines on Foreign Currency Accounts by Residents,Foreign Exchange
"Aug 11, 2027",Export Data Processing and Monitoring System (EDPMS) Updates,Foreign Exchange
"Sep 02, 2027",Import Data Processing and Monitoring System (IDPMS) Updates,Foreign Exchange
"Feb 03, 2027",Guidelines on Interest Rate Futures (IRF),Markets
"Feb 12, 2027",Master Direction - Commercial Paper (CP),Markets
"Feb 17, 2027",Guidelines on Certificate of Deposit (CD),Markets
"Mar 03, 2027",Tri-party Repo (TREPS) Trading Guidelines,Markets
"Mar 12, 2027",Master Direction - Non-Convertible Debentures (NCD),Markets
"Mar 17, 2027",Market Making in Corporate Bonds,Markets
"Apr 07, 2027",Guidelines on Forward Rate Agreements (FRA),Markets
"Apr 14, 2027",Over-the-Counter (OTC) Foreign Exchange Derivatives,Markets
"Apr 22, 2027",Reporting of OTC Interest Rate Derivatives to CCIL,Markets
"May 03, 2027",Guidelines on Default Loss Guarantee in Financial Markets,Markets
"May 12, 2027",Framework for Central Counterparties (CCPs),Markets
"May 17, 2027",Guidelines on Sovereign Green Bonds,Markets
"Jun 04, 2027",Primary Dealers - Revision of Bidding Commitments,Markets
"Jun 12, 2027",Retailing of Government Securities - RBI Retail Direct Scheme,Markets
"Jun 20, 2027",Margin Requirements for Non-Centrally Cleared Derivatives,Markets
"Jul 07, 2027",Liquidity Adjustment Facility (LAF) - Operating Guidelines,Markets
"Jul 17, 2027",Standing Deposit Facility (SDF) - Operational Details,Markets
"Aug 04, 2027",Guidelines on When-Issued Market in Government Securities,Markets
"Aug 12, 2027",Financial Benchmark Administrators - Regulatory Framework,Markets
"Sep 03, 2027",Guidelines on Short Sale in Government Securities,Markets
"Feb 04, 2027",Public Provident Fund (PPF) - Online account opening guidelines,Savings Schemes
"Feb 13, 2027",Senior Citizen Savings Scheme (SCSS) - Joint account rules,Savings Schemes
"Feb 18, 2027",Sukanya Samriddhi Account - Transfer rules between banks and post offices,Savings Schemes
"Mar 04, 2027",National Savings Certificate (NSC) - Pledging guidelines for loans,Savings Schemes
"Mar 13, 2027",Kisan Vikas Patra (KVP) - Premature encashment rules,Savings Schemes
"Mar 18, 2027",Post Office Time Deposit (POTD) Scheme - Extension rules,Savings Schemes
"Apr 08, 2027",Post Office Monthly Income Scheme (POMIS) - Revised limits,Savings Schemes
"Apr 15, 2027",Mahila Samman Savings Certificate - Withdrawal rules,Savings Schemes
"Apr 23, 2027",Atal Pension Yojana (APY) - Bank commission rates,Savings Schemes
"May 04, 2027",National Pension System (NPS) - Tier II account guidelines,Savings Schemes
"May 13, 2027",Small Savings Schemes - Agency commission revision,Savings Schemes
"May 18, 2027",Clarification on TDS on Small Savings Schemes,Savings Schemes
"Jun 05, 2027",Guidelines on closure of irregular Small Savings Accounts,Savings Schemes
"Jun 13, 2027",Grievance redressal mechanism for Small Savings Schemes,Savings Schemes
"Jun 21, 2027",Digitisation of Post Office Savings Schemes,Savings Schemes
"Jul 08, 2027",Revision in interest calculation methodology for PPF,Savings Schemes
"Jul 18, 2027",Guidelines for handling deceased claims in Small Savings,Savings Schemes
"Aug 05, 2027",Introduction of passbooks for all National Savings Schemes,Savings Schemes
"Aug 13, 2027",Clarification on NRIs investing in Small Savings Schemes,Savings Schemes
"Sep 04, 2027",Rationalisation of forms for Small Savings Schemes,Savings Schemes
"Feb 05, 2027",Pradhan Mantri Jeevan Jyoti Bima Yojana (PMJJBY) - Premium revision,Insurance
"Feb 14, 2027",Pradhan Mantri Suraksha Bima Yojana (PMSBY) - Claim settlement process,Insurance
"Feb 19, 2027",Guidelines on Cyber Liability Insurance for Banks,Insurance
"Mar 05, 2027",Crop Insurance - Restructured Weather Based Crop Insurance Scheme,Insurance
"Mar 14, 2027",Export Credit Guarantee Corporation (ECGC) - Revised cover limits,Insurance
"Mar 19, 2027",Master Circular on Bank's tie-up with Insurance Companies,Insurance
"Apr 09, 2027",Health Insurance Portability - Role of Bancassurance partners,Insurance
"Apr 16, 2027",Guidelines on Insurance of Bank Deposits (DICGC),Insurance
"Apr 24, 2027",Credit Linked Insurance Schemes - Regulatory Framework,Insurance
"May 05, 2027",Standardization of Insurance products sold through Banks,Insurance
"May 14, 2027",Guidelines on handling of Insurance claims during natural disasters,Insurance
"May 19, 2027",Micro-insurance products - Distribution guidelines for RRBs,Insurance
"Jun 06, 2027",Insurance requirements for locker facilities in banks,Insurance
"Jun 14, 2027",Clarification on commission structure for Bancassurance,Insurance
"Jun 22, 2027",Guidelines on Property Insurance for collateralized loans,Insurance
"Jul 09, 2027",Insurance coverage for electronic payment frauds,Insurance
"Jul 19, 2027",Master Direction - Insurance Business by NBFCs,Insurance
"Aug 06, 2027",Guidelines on Keyman Insurance Policies,Insurance
"Aug 14, 2027",Reporting of Insurance business by banks to RBI,Insurance
"Sep 05, 2027",Framework for Surety Bonds in Infrastructure projects,Insurance
"Feb 06, 2027",CBDT Notification on TDS on Cash Withdrawals under Section 194N,Taxes
"Feb 15, 2027",Guidelines for Banks regarding linking of PAN and Aadhaar,Taxes
"Feb 20, 2027",Reporting of High Value Transactions in SFT (Statement of Financial Transactions),Taxes
"Mar 06, 2027",Tax Collection at Source (TCS) on LRS Remittances - Implementation details,Taxes
"Mar 15, 2027",Clarification on GST applicability on Loan Processing Fees,Taxes
"Mar 20, 2027",Guidelines on FATCA/CRS Reporting for new accounts,Taxes
"Apr 10, 2027",TDS on interest income - Exemption for Senior Citizens under Section 80TTB,Taxes
"Apr 17, 2027",GST on ATM withdrawal charges - Regulatory clarification,Taxes
"Apr 25, 2027",Filing of Form 15G/15H - Electronic submission guidelines,Taxes
"May 06, 2027",Agency Commission for Collection of Direct Taxes - Revised Rates,Taxes
"May 15, 2027",Guidelines on handling of Income Tax Attachments under Section 226(3),Taxes
"May 20, 2027",Clarification on TDS on Dividend Income,Taxes
"Jun 07, 2027",Reporting of Crypto/Virtual Digital Asset transactions for Tax purposes,Taxes
"Jun 15, 2027",GST e-invoicing mandatory for B2B transactions by Banks,Taxes
"Jun 23, 2027",Tax implications on waiver of loans - Reporting guidelines,Taxes
"Jul 10, 2027",Guidelines on issuing TDS certificates (Form 16A) to customers,Taxes
"Jul 20, 2027",Collection of State Taxes - Integration with RBI e-Kuber,Taxes
"Aug 07, 2027",Clarification on Capital Gains Tax on Sovereign Gold Bonds,Taxes
"Aug 15, 2027",TDS on payments to Non-Residents - Documentation requirements,Taxes
"Sep 06, 2027",Guidelines on Tax Audit Reports for Bank Branches,Taxes
"Feb 07, 2027",Master Direction - Information Technology Framework for Banks,Other
"Feb 16, 2027",Guidelines on Safe Deposit Locker Facilities,Other
"Feb 21, 2027",Customer Service Committee of the Board - Mandate,Other
"Mar 07, 2027",Framework for Green Deposits,Other
"Mar 16, 2027",Master Circular - Customer Service in Banks,Other
"Mar 21, 2027",Guidelines on Clean Note Policy and Mutilated Notes,Other
"Apr 11, 2027",Financial Literacy and Credit Counselling Centres (FLCCs),Other
"Apr 18, 2027",Master Direction - Amalgamation of Private Sector Banks,Other
"Apr 26, 2027",Guidelines on Corporate Social Responsibility (CSR) by Banks,Other
"May 07, 2027",Framework for Regulatory Sandbox,Other
"May 16, 2027",Guidelines on Cloud Computing for Financial Sector,Other
"May 21, 2027",Master Circular - Board of Directors of Banks,Other
"Jun 08, 2027",Guidelines on Business Continuity Planning (BCP),Other
"Jun 16, 2027",Framework for Geo-tagging of Payment System Touch Points,Other
"Jun 24, 2027",Guidelines on Handling of Customer Grievances via Social Media,Other
"Jul 11, 2027",Master Direction - Issuance of Credit Cards and Debit Cards,Other
"Jul 21, 2027",Guidelines on Outsourcing of Cash Management Activities,Other
"Aug 08, 2027",Framework for Self-Regulatory Organisations (SROs),Other
"Aug 16, 2027",Guidelines on Diversity and Inclusion in Bank Boards,Other
"Sep 07, 2027",Master Circular - Branch Authorization Policy,Other
